CustomerID,Count,Country,State,City,Zip Code,Lat Long,Latitude,Longitude,Gender,Senior Citizen,Partner,Dependents,Tenure Months,Phone Service,Multiple Lines,Internet Service,Online Security,Online Backup,Device Protection,Tech Support,Streaming TV,Streaming Movies,Contract,Paperless Billing,Payment Method,Monthly Charges,Total Charges,Churn Label,Churn Value,Churn Score,CLTV,Churn Reason
7563-BIUPC,1,United States,California,Borrego Springs,92004,"33.200369, -116.192313",33.200369,-116.192313,Male,No,No,No,5,Yes,No,Fiber optic,No,No,No,No,Yes,No,Month-to-month,Yes,Electronic check,80.6,415.55,Yes,1,69,5715,Network reliability
2321-OMBXY,1,United States,California,Carlsbad,92009,"33.098018, -117.258203",33.098018,-117.258203,Female,No,Yes,No,38,Yes,No,DSL,Yes,Yes,No,Yes,Yes,Yes,One year,No,Credit card (automatic),80.3,3058.65,Yes,1,81,2071,Limited range of services
2840-XANRC,1,United States,California,Del Mar,92014,"32.948262, -117.256086",32.948262,-117.256086,Male,Yes,Yes,No,24,Yes,No,Fiber optic,No,No,Yes,No,Yes,Yes,Month-to-month,Yes,Electronic check,93.15,2231.05,Yes,1,73,2212,Lack of affordable download/upload speed
5020-ZSTTY,1,United States,California,El Cajon,92020,"32.79697, -116.969082",32.79697,-116.969082,Female,Yes,No,No,54,Yes,Yes,DSL,Yes,Yes,No,Yes,Yes,Yes,One year,No,Bank transfer (automatic),82.45,4350.1,Yes,1,83,4149,Long distance charges
5804-LEPIM,1,United States,California,Escondido,92029,"33.079834, -117.134275",33.079834,-117.134275,Female,Yes,No,No,2,Yes,No,Fiber optic,No,No,No,No,No,No,Month-to-month,Yes,Electronic check,70.35,139.05,Yes,1,73,2671,Extra data charges
0122-OAHPZ,1,United States,California,Oceanside,92057,"33.254497, -117.285879",33.254497,-117.285879,Female,No,No,No,7,Yes,Yes,Fiber optic,No,No,No,No,No,No,Month-to-month,Yes,Electronic check,73.85,511.25,Yes,1,67,2473,Price too high
2868-SNELZ,1,United States,California,Pala,92059,"33.384345, -117.072619",33.384345,-117.072619,Female,No,No,No,2,Yes,Yes,Fiber optic,No,No,Yes,No,No,No,Month-to-month,No,Mailed check,80.6,155.8,Yes,1,92,2683,Product dissatisfaction
4322-RCYMT,1,United States,California,Palomar Mountain,92060,"33.309852, -116.823091",33.309852,-116.823091,Male,No,Yes,No,68,Yes,Yes,DSL,No,Yes,Yes,Yes,No,Yes,One year,Yes,Bank transfer (automatic),75.8,5293.95,Yes,1,81,4903,Service dissatisfaction
6680-NENYN,1,United States,California,Pauma Valley,92061,"33.313828, -116.940501",33.313828,-116.940501,Female,No,No,No,43,Yes,Yes,Fiber optic,No,Yes,Yes,No,Yes,Yes,Two year,Yes,Electronic check,104.6,4759.85,Yes,1,91,5250,Lack of self-service on Website
1343-EHPYB,1,United States,California,Ranchita,92066,"33.215251, -116.53633",33.215251,-116.53633,Male,No,Yes,No,63,Yes,Yes,Fiber optic,No,Yes,Yes,No,Yes,Yes,Month-to-month,Yes,Electronic check,103.4,6603,Yes,1,98,4352,Network reliability
2034-GDRCN,1,United States,California,Valley Center,92082,"33.25283, -116.986079",33.25283,-116.986079,Female,No,No,No,2,Yes,No,Fiber optic,No,No,No,No,Yes,Yes,Month-to-month,Yes,Electronic check,90.4,168.2,Yes,1,76,4157,Don't know
0219-YTZUE,1,United States,California,San Diego,92103,"32.747484, -117.166877",32.747484,-117.166877,Male,No,Yes,No,4,Yes,Yes,Fiber optic,No,Yes,Yes,No,No,No,Month-to-month,Yes,Bank transfer (automatic),84.8,371.9,Yes,1,73,4939,Don't know
0623-IIHUG,1,United States,California,San Diego,92104,"32.741499, -117.127409",32.741499,-117.127409,Female,Yes,No,No,21,No,No phone service,DSL,Yes,No,No,No,Yes,No,Month-to-month,Yes,Electronic check,41.9,840.1,Yes,1,97,4778,Don't know
4572-DVCGN,1,United States,California,San Diego,92105,"32.741859, -117.090353",32.741859,-117.090353,Female,No,No,No,10,Yes,No,Fiber optic,No,No,No,No,No,Yes,Month-to-month,Yes,Bank transfer (automatic),80.25,846,Yes,1,85,3598,Poor expertise of online support
9057-MSWCO,1,United States,California,San Diego,92108,"32.774046, -117.142454",32.774046,-117.142454,Male,Yes,Yes,No,27,No,No phone service,DSL,Yes,No,No,No,No,No,Month-to-month,No,Credit card (automatic),30.75,805.1,Yes,1,91,2927,Poor expertise of phone support
1010-DIAUQ,1,United States,California,San Diego,92116,"32.765299, -117.122565",32.765299,-117.122565,Male,No,No,No,5,Yes,No,Fiber optic,No,No,Yes,No,Yes,Yes,Month-to-month,No,Bank transfer (automatic),96.5,492.55,Yes,1,98,5383,Price too high
0259-GBZSH,1,United States,California,San Diego,92122,"32.85723, -117.209774",32.85723,-117.209774,Male,No,No,No,2,Yes,Yes,Fiber optic,No,No,No,No,Yes,No,Month-to-month,Yes,Electronic check,85.65,181.5,Yes,1,73,3878,Product dissatisfaction
9601-BRXPO,1,United States,California,San Diego,92129,"32.961064, -117.134917",32.961064,-117.134917,Female,No,Yes,No,25,Yes,Yes,Fiber optic,No,No,Yes,Yes,Yes,Yes,Month-to-month,Yes,Bank transfer (automatic),104.95,2566.5,Yes,1,66,3642,Service dissatisfaction
6905-NIQIN,1,United States,California,San Diego,92154,"32.578103, -117.012975",32.578103,-117.012975,Male,No,No,No,1,Yes,No,DSL,No,Yes,No,No,No,No,Month-to-month,No,Mailed check,50.65,50.65,Yes,1,76,2431,Don't know
5167-ZFFMM,1,United States,California,Indio,92201,"33.713891, -116.237257",33.713891,-116.237257,Male,No,No,No,1,Yes,Yes,Fiber optic,No,Yes,No,No,No,Yes,Month-to-month,Yes,Credit card (automatic),90.85,90.85,Yes,1,81,3424,Network reliability
4895-TMWIR,1,United States,California,Indian Wells,92210,"33.537646, -116.291089",33.537646,-116.291089,Male,Yes,Yes,No,11,Yes,No,No,No internet service,No internet service,No internet service,No internet service,No internet service,No internet service,Month-to-month,No,Mailed check,19.95,214.75,Yes,1,80,5888,Limited range of services
0533-BNWKF,1,United States,California,Palm Desert,92211,"33.762759, -116.324817",33.762759,-116.324817,Female,Yes,Yes,No,55,Yes,Yes,Fiber optic,No,Yes,Yes,No,No,No,Month-to-month,Yes,Electronic check,85.45,4874.7,Yes,1,100,5502,Lack of affordable download/upload speed
6599-CEBNN,1,United States,California,Desert Hot Springs,92240,"33.948558, -116.516976",33.948558,-116.516976,Female,No,No,No,34,Yes,No,Fiber optic,No,Yes,No,No,No,No,Month-to-month,Yes,Credit card (automatic),73.95,2524.45,Yes,1,94,5795,Long distance charges
0979-PHULV,1,United States,California,Holtville,92250,"32.811001, -115.152865",32.811001,-115.152865,Male,No,Yes,No,69,Yes,Yes,Fiber optic,No,No,Yes,No,Yes,Yes,Month-to-month,Yes,Credit card (automatic),99.45,7007.6,Yes,1,80,4020,Extra data charges
4800-VHZKI,1,United States,California,Niland,92257,"33.345825, -115.596574",33.345825,-115.596574,Female,No,No,No,1,Yes,No,No,No internet service,No internet service,No internet service,No internet service,No internet service,No internet service,Month-to-month,Yes,Mailed check,19.9,19.9,Yes,1,92,3351,Price too high
7989-CHGTL,1,United States,California,North Palm Springs,92258,"33.906496, -116.569499",33.906496,-116.569499,Male,No,No,No,1,Yes,No,No,No internet service,No internet service,No internet service,No internet service,No internet service,No internet service,Month-to-month,Yes,Mailed check,19.6,19.6,Yes,1,95,3448,Product dissatisfaction
0334-GDDSO,1,United States,California,Ocotillo,92259,"32.698964, -115.886656",32.698964,-115.886656,Male,Yes,No,No,3,Yes,Yes,Fiber optic,No,Yes,No,No,No,No,Month-to-month,Yes,Electronic check,81.35,233.7,Yes,1,73,2818,Service dissatisfaction
0578-SKVMF,1,United States,California,Seeley,92273,"32.790282, -115.689559",32.790282,-115.689559,Female,No,Yes,No,22,Yes,No,Fiber optic,No,Yes,No,No,No,Yes,Month-to-month,No,Electronic check,83.3,1845.9,Yes,1,88,3804,Lack of self-service on Website
5564-NEMQO,1,United States,California,Thermal,92274,"33.53604, -116.119222",33.53604,-116.119222,Female,Yes,No,No,1,Yes,No,Fiber optic,No,No,Yes,No,No,No,Month-to-month,Yes,Bank transfer (automatic),75.3,75.3,Yes,1,67,4902,Network reliability
9063-ZGTUY,1,United States,California,Adelanto,92301,"34.667815, -117.536183",34.667815,-117.536183,Female,No,Yes,No,61,Yes,No,No,No internet service,No internet service,No internet service,No internet service,No internet service,No internet service,Month-to-month,Yes,Mailed check,19.4,1182.55,Yes,1,82,4221,Don't know
2957-LOLHO,1,United States,California,Apple Valley,92307,"34.55082, -117.122396",34.55082,-117.122396,Male,No,No,No,12,Yes,No,DSL,No,No,No,No,No,No,Month-to-month,Yes,Bank transfer (automatic),45.4,518.9,Yes,1,68,2887,Don't know
7752-XUSCI,1,United States,California,Crestline,92325,"34.248061, -117.29028",34.248061,-117.29028,Female,No,No,No,60,Yes,Yes,Fiber optic,No,Yes,Yes,No,Yes,Yes,Month-to-month,Yes,Electronic check,105.9,6396.45,Yes,1,84,4105,Don't know
4110-PFEUZ,1,United States,California,Daggett,92327,"34.875144, -116.821698",34.875144,-116.821698,Female,No,No,No,1,Yes,No,Fiber optic,No,No,No,No,No,No,Month-to-month,No,Mailed check,69.55,69.55,Yes,1,73,2792,Competitor had better devices
0256-LTHVJ,1,United States,California,Ludlow,92338,"34.702766, -116.093376",34.702766,-116.093376,Female,No,Yes,No,28,Yes,No,Fiber optic,No,No,No,No,No,Yes,Month-to-month,Yes,Electronic check,81.05,2227.1,Yes,1,98,5201,Competitor had better devices
0880-TKATG,1,United States,California,Lucerne Valley,92356,"34.508417, -116.856103",34.508417,-116.856103,Male,No,Yes,No,4,Yes,Yes,Fiber optic,No,No,Yes,No,Yes,Yes,Month-to-month,No,Electronic check,101.15,385.9,Yes,1,84,4417,Competitor had better devices
3811-VBYBZ,1,United States,California,Lytle Creek,92358,"34.238162, -117.534306",34.238162,-117.534306,Male,No,No,No,7,Yes,Yes,Fiber optic,No,Yes,No,No,Yes,Yes,Month-to-month,Yes,Electronic check,99.8,673.25,Yes,1,98,2031,Competitor had better devices
4640-UHDOS,1,United States,California,Phelan,92371,"34.441123, -117.537886",34.441123,-117.537886,Female,No,Yes,No,13,Yes,No,DSL,No,No,No,No,No,Yes,Month-to-month,No,Electronic check,55.95,734.35,Yes,1,91,4498,Competitor had better devices
3583-EKAPL,1,United States,California,Redlands,92373,"34.003243, -117.138286",34.003243,-117.138286,Male,No,No,No,1,Yes,No,DSL,No,No,No,No,No,Yes,Month-to-month,Yes,Electronic check,55,55,Yes,1,71,4877,Competitor had better devices
9399-APLBT,1,United States,California,Rialto,92377,"34.156758, -117.404686",34.156758,-117.404686,Female,No,Yes,No,1,Yes,No,Fiber optic,No,Yes,No,No,No,No,Month-to-month,Yes,Electronic check,74.7,74.7,Yes,1,80,5980,Competitor had better devices
2359-KMGLI,1,United States,California,Running Springs,92382,"34.186211, -117.07683",34.186211,-117.07683,Male,No,No,No,24,Yes,Yes,Fiber optic,No,Yes,No,No,No,No,Month-to-month,Yes,Electronic check,80.25,1861.5,Yes,1,77,4418,Competitor had better devices
0306-JAELE,1,United States,California,Tecopa,92389,"35.824572, -116.274755",35.824572,-116.274755,Male,No,No,No,5,Yes,No,Fiber optic,No,No,No,Yes,Yes,Yes,Month-to-month,Yes,Electronic check,96.1,453.4,Yes,1,66,4192,Competitor had better devices
